time,8#炉烟囱出口烟气NH3实测值,8#炉烟囱出口烟气氧量实测值,8#炉烟囱出口烟气NOx折算值,8#炉沼气流量,8#炉省煤器出口左侧烟气氧量,8#炉省煤器出口右侧烟气氧量,8#炉SNCR氨水管路流量,8#炉一次风机入口风温,8#炉二次风机出口风温,8#炉烟气再循环风机出口风温,8#炉锅炉出口NOx折算值,8#炉炉膛上部左侧温度T10,8#炉炉膛上部中侧温度T11,8#炉炉膛上部右侧温度T12,8#炉炉膛中部左侧温度T20,8#炉炉膛中部中侧温度T21,8#炉炉膛中部右侧温度T22,8#炉炉膛下部左侧温度T30,8#炉炉膛下部中侧温度T31,8#炉炉膛下部右侧温度T32,8#炉干燥炉排左入口风门开度,8#炉燃烧炉排一段左入口风门开度,8#炉燃烧炉排二段左入口风门开度,8#炉炉排左侧一次风总风压,8#炉燃烧炉排三段左入口风门开度,8#炉燃烧炉排三段中入口风门开度,8#炉燃尽炉排一段左入口风门开度,8#炉燃尽炉排二段左入口风门开度,8#炉燃尽炉排一段中入口风门开度,8#炉燃尽炉排二段中入口风门开度,8#炉炉排下部垃圾料层厚度左,8#炉炉排中间垃圾料层厚度左,8#炉炉排上部垃圾料层厚度左,8#炉干燥炉排右入口风门开度,8#炉燃烧炉排一段右入口风门开度,8#炉燃烧炉排二段右入口风门开度,8#炉炉排右侧一次风总风压,8#炉燃烧炉排三段右入口风门开度,8#炉炉排下部垃圾料层厚度右,8#炉炉排中间垃圾料层厚度右,8#炉炉排上部垃圾料层厚度右,8#炉燃尽炉排一段右入口风门开度,8#炉燃尽炉排二段右入口风门开度,8#炉干燥炉排中入口风门开度,8#炉燃烧炉排一段中入口风门开度,8#炉燃烧炉排二段中入口风门开度,8#炉干燥炉排上部左侧烟温,8#炉干燥炉排上部右侧烟温,8#炉推料器1位置,8#炉推料器2位置,8#炉推料器3位置,8#炉推料器3速度,8#炉推料器1速度,8#炉推料器2速度,8#炉干燥炉排_SV,8#炉燃烧炉排_SV,8#炉燃尽炉排_SV
2025-08-13 09:08:37,0.7629672884941101,6.309713363647461,67.6146240234375,261.8981628417969,4.375453472137451,4.285467624664307,-0.046296294778585434,36.153709411621094,44.55180740356445,126.51335144042969,244.16368103027344,1107.1444091796875,1039.6849365234375,1026.6514892578125,1166.8963623046875,1034.95703125,1075.2088623046875,1204.2730712890625,985.4930419921875,1075.4056396484375,76.80786895751953,100.61804962158203,100.07638549804688,0.28680557012557983,70.28240203857422,70.7615737915039,30.689815521240234,20.060184478759766,40.29861068725586,20.287036895751953,278.6111145019531,230.9722137451172,222.82406616210938,76.80555725097656,60.49305725097656,70.83101654052734,0.3837962746620178,55.51388931274414,279.90740966796875,229.1666717529297,224.25926208496094,30.289352416992188,19.72222137451172,75.35416412353516,100.1087875366211,100.3657455444336,1049.03173828125,791.9159545898438,216.1851806640625,214.5555419921875,212.42591857910156,3.791309118270874,3.600834608078003,3.5966126918792725,50.0,80.0,118.67776489257812
2025-08-13 09:08:38,0.7629672884941101,6.299947738647461,67.6146240234375,261.5740661621094,4.375453472137451,4.274824142456055,0.023148147389292717,36.153709411621094,44.55180740356445,126.51335144042969,242.6309051513672,1106.7467041015625,1039.6849365234375,1026.6514892578125,1166.8963623046875,1034.95703125,1075.2088623046875,1204.3760986328125,985.3973999023438,1075.5037841796875,76.80786895751953,100.61111450195312,100.06944274902344,0.282870352268219,70.28240203857422,70.7615737915039,30.689815521240234,20.060184478759766,40.29861068725586,20.287036895751953,284.6759338378906,236.8518524169922,228.75,76.80786895751953,60.5,70.82870483398438,0.3768518567085266,55.50694274902344,285.0,235.0,229.8148193359375,30.289352416992188,19.72222137451172,75.34722137451172,100.11573791503906,100.36805725097656,1049.129150390625,791.8240356445312,217.370361328125,215.7963104248047,213.6851806640625,3.8155405521392822,3.584735631942749,3.655937910079956,50.0,80.0,118.4691162109375
2025-08-13 09:08:39,0.7629672884941101,6.299947738647461,67.54539489746094,261.9444580078125,4.375453472137451,4.27095365524292,-0.09259258955717087,36.153709411621094,44.55180740356445,126.51335144042969,241.26602172851562,1106.5478515625,1039.6849365234375,1026.748291015625,1166.8963623046875,1035.0540771484375,1075.2088623046875,1204.4791259765625,985.3017578125,1075.7005615234375,76.80786895751953,100.61111450195312,100.06944274902344,0.2689814865589142,70.28935241699219,70.75463104248047,30.682870864868164,20.060184478759766,40.29861068725586,20.287036895751953,290.4166564941406,242.2222137451172,234.1666717529297,76.80555725097656,60.5,70.82870483398438,0.3689814805984497,55.51388931274414,288.75,239.8148193359375,234.120361328125,30.296295166015625,19.72222137451172,75.35416412353516,100.11573791503906,100.35879516601562,1049.3243408203125,791.8240356445312,218.4814910888672,216.88888549804688,214.81480407714844,3.8117034435272217,3.5920441150665283,3.6593549251556396,50.0,80.0,118.32689666748047
2025-08-13 09:08:40,0.7629672884941101,6.296773910522461,67.54539489746094,262.08331298828125,4.3769049644470215,4.244828701019287,-0.011574073694646358,36.153709411621094,44.55180740356445,126.51335144042969,240.61480712890625,1106.34912109375,1039.6849365234375,1026.748291015625,1166.8963623046875,1035.0540771484375,1075.2088623046875,1204.4791259765625,985.2061157226562,1075.7005615234375,76.80786895751953,100.61111450195312,100.06944274902344,0.26782405376434326,70.28240203857422,70.7615737915039,30.682870864868164,20.067129135131836,40.29166793823242,20.287036895751953,291.4351806640625,243.1018524169922,235.32406616210938,76.80555725097656,60.49305725097656,70.83795928955078,0.37268519401550293,55.50694274902344,290.6944580078125,241.11111450195312,235.7870330810547,30.282407760620117,19.72222137451172,75.35416412353516,100.1087875366211,100.35879516601562,1049.3243408203125,791.9159545898438,218.87037658691406,217.3148193359375,215.18519592285156,3.816591501235962,3.574842929840088,3.659450054168701,50.0,80.0,118.36849212646484
2025-08-13 09:08:41,0.7629672884941101,6.296773910522461,67.52293395996094,261.620361328125,4.374002456665039,4.248215198516846,-0.046296294778585434,36.153709411621094,44.55180740356445,126.51335144042969,239.68910217285156,1105.9515380859375,1039.6849365234375,1026.748291015625,1167.0997314453125,1035.0540771484375,1075.2088623046875,1204.6851806640625,985.0148315429688,1075.5037841796875,76.80786895751953,100.61111450195312,100.06944274902344,0.2671296298503876,70.28240203857422,70.7615737915039,30.689815521240234,20.067129135131836,40.29861068725586,20.287036895751953,292.6851806640625,244.629638671875,236.25,76.80555725097656,60.49305725097656,70.82870483398438,0.37106481194496155,55.51388931274414,292.22222900390625,242.03704833984375,237.59259033203125,30.275463104248047,19.72222137451172,75.34722137451172,100.1087875366211,100.35879516601562,1049.3243408203125,791.9159545898438,220.05555725097656,218.5,216.5,3.8309240341186523,3.5571630001068115,3.611577272415161,50.0,80.0,119.00022888183594
2025-08-13 09:08:42,0.7629672884941101,6.302145004272461,67.52293395996094,261.4351806640625,4.375453472137451,4.250150203704834,0.1041666716337204,36.153709411621094,44.55180740356445,126.51335144042969,238.83859252929688,1105.653564453125,1039.6849365234375,1026.748291015625,1167.2012939453125,1035.0540771484375,1075.2088623046875,1204.891357421875,984.8233642578125,1075.5037841796875,76.80786895751953,100.61111450195312,100.07638549804688,0.2671296298503876,70.28240203857422,70.7615737915039,30.689815521240234,20.060184478759766,40.29861068725586,20.287036895751953,294.629638671875,247.9166717529297,239.16665649414062,76.80555725097656,60.49305725097656,70.82870483398438,0.3673611283302307,55.51388931274414,295.78704833984375,245.37037658691406,241.11111450195312,30.289352416992188,19.729167938232422,75.35416412353516,100.1087875366211,100.35879516601562,1049.3243408203125,791.9159545898438,221.11111450195312,219.59259033203125,217.62962341308594,3.772266387939453,3.553645372390747,3.6030237674713135,50.0,80.0,119.85164642333984
2025-08-13 09:08:43,0.7629672884941101,6.302145004272461,67.56096649169922,261.2962951660156,4.349328517913818,4.223057746887207,-0.09259258955717087,36.153709411621094,44.55180740356445,126.51335144042969,238.0932159423828,1105.5540771484375,1039.6849365234375,1026.748291015625,1167.2689208984375,1034.95703125,1075.2088623046875,1204.994384765625,984.7277221679688,1075.5037841796875,76.80786895751953,100.61111450195312,100.06944274902344,0.26157405972480774,70.28240203857422,70.7615737915039,30.689815521240234,20.067129135131836,40.29861068725586,20.287036895751953,296.0648193359375,250.37037658691406,241.20370483398438,76.80555725097656,60.49305725097656,70.82870483398438,0.3664351999759674,55.51388931274414,297.4537048339844,247.54629516601562,242.03704833984375,30.289352416992188,19.729167938232422,75.35416412353516,100.1087875366211,100.35879516601562,1049.3243408203125,791.9159545898438,222.25926208496094,220.68519592285156,218.8148193359375,3.729836940765381,3.5826029777526855,3.606290102005005,50.0,80.0,119.97358703613281
2025-08-13 09:08:44,0.7629672884941101,6.289205074310303,67.56096649169922,261.4351806640625,4.350780010223389,4.224992752075195,-0.09259258955717087,36.153709411621094,44.55180740356445,126.51335144042969,237.34280395507812,1105.4879150390625,1039.6849365234375,1026.748291015625,1167.2012939453125,1034.95703125,1075.2088623046875,1205.0975341796875,984.6322021484375,1075.7005615234375,76.8009262084961,100.61111450195312,100.06944274902344,0.260185182094574,70.28240203857422,70.7615737915039,30.682870864868164,20.067129135131836,40.29861068725586,20.287036895751953,297.3148193359375,252.5463104248047,243.61111450195312,76.80555725097656,60.5,70.82870483398438,0.36249998211860657,55.50694274902344,299.629638671875,249.1666717529297,243.84259033203125,30.296295166015625,19.729167938232422,75.34722137451172,100.1087875366211,100.35879516601562,1049.2266845703125,791.8240356445312,223.38888549804688,221.88890075683594,220.01852416992188,3.7208023071289062,3.540645122528076,3.596383571624756,50.0,80.0,120.094482421875
2025-08-13 09:08:45,,,,,,,,,,,,,,,,,,,,,,,,,,,,,,,,,,,,,,,,,,,,,,,,,223.77777099609375,222.2777862548828,220.38888549804688,3.69638991355896,3.543560743331909,3.594931125640869,50.0,80.0,120.05912017822266
2025-08-13 09:08:46,0.7629672884941101,6.289205074310303,67.46940612792969,262.03704833984375,4.350780010223389,4.220155239105225,0.3125,36.153709411621094,44.55180740356445,126.51335144042969,236.74510192871094,1105.3885498046875,1039.6849365234375,1026.8450927734375,1167.0997314453125,1034.95703125,1075.2088623046875,1205.0975341796875,984.9190063476562,1075.7005615234375,76.80786895751953,100.61111450195312,100.06944274902344,0.2682870328426361,70.28240203857422,70.7615737915039,30.682870864868164,20.060184478759766,40.29861068725586,20.287036895751953,293.33331298828125,248.00926208496094,239.76852416992188,76.80555725097656,60.5,70.82870483398438,0.3629629611968994,55.51388931274414,295.27777099609375,244.95370483398438,239.62962341308594,30.289352416992188,19.72222137451172,75.34722137451172,100.1087875366211,100.35879516601562,1049.2266845703125,791.4564819335938,224.9073944091797,223.370361328125,221.51852416992188,3.650113344192505,3.5816192626953125,3.570061683654785,50.0,80.0,119.75273132324219
2025-08-13 09:08:47,0.7629672884941101,6.302374839782715,67.56258392333984,261.5740661621094,4.350780010223389,4.222090244293213,0.11574073880910873,36.153709411621094,44.55180740356445,126.51335144042969,236.2346649169922,1105.1898193359375,1039.6849365234375,1027.038818359375,1167.2012939453125,1034.95703125,1075.3072509765625,1205.0975341796875,984.7277221679688,1075.8973388671875,76.80786895751953,100.61111450195312,100.06944274902344,0.27222222089767456,70.28240203857422,70.7615737915039,30.689815521240234,20.060184478759766,40.29861068725586,20.287036895751953,285.3703918457031,238.9814910888672,231.4351806640625,76.80786895751953,60.49305725097656,70.83101654052734,0.3699073791503906,55.51388931274414,286.7592468261719,236.620361328125,231.0185089111328,30.282407760620117,19.72222137451172,75.35416412353516,100.11573791503906,100.35879516601562,1049.421875,791.3646240234375,226.11109924316406,224.59259033203125,222.8333282470703,3.6822333335876465,3.566312313079834,3.596853733062744,50.0,80.0,120.0343017578125
2025-08-13 09:08:48,0.7629672884941101,6.302374839782715,67.56258392333984,261.7129821777344,4.349328517913818,4.199351787567139,0.15046295523643494,36.153709411621094,44.55180740356445,126.51335144042969,236.09237670898438,1105.0904541015625,1039.6849365234375,1027.038818359375,1167.2689208984375,1034.892333984375,1075.3072509765625,1205.0975341796875,984.7277221679688,1075.99560546875,76.80786895751953,100.61111450195312,100.06944274902344,0.272685170173645,70.28240203857422,70.7615737915039,30.682870864868164,20.060184478759766,40.29166793823242,20.287036895751953,282.77777099609375,236.34259033203125,229.07408142089844,76.80555725097656,60.49305725097656,70.82870483398438,0.3743055462837219,55.50694274902344,284.5833435058594,234.3981475830078,228.4722137451172,30.282407760620117,19.72222137451172,75.35416412353516,100.1087875366211,100.35879516601562,1049.6168212890625,791.6401977539062,227.07408142089844,225.59259033203125,223.8333282470703,3.719125509262085,3.5719714164733887,3.60483980178833,50.0,80.0,120.14834594726562
2025-08-13 09:08:49,0.7629672884941101,6.302374839782715,67.56258392333984,260.97222900390625,4.349328517913818,4.192578315734863,0.26620370149612427,36.153709411621094,44.55180740356445,126.51335144042969,235.93667602539062,1104.9910888671875,1039.7821044921875,1027.2001953125,1167.2689208984375,1034.892333984375,1075.4056396484375,1205.0975341796875,984.6322021484375,1076.093994140625,76.80786895751953,100.61111450195312,100.06944274902344,0.2777777910232544,70.28240203857422,70.7615737915039,30.689815521240234,20.060184478759766,40.29861068725586,20.287036895751953,274.7685241699219,228.70370483398438,220.4629669189453,76.80555725097656,60.5,70.82870483398438,0.3784722089767456,55.51388931274414,277.6851806640625,226.38888549804688,221.29629516601562,30.282407760620117,19.72222137451172,75.35416412353516,100.11573791503906,100.35879516601562,1049.71435546875,791.4564819335938,228.03704833984375,226.61111450195312,224.8333282470703,3.78118896484375,3.5611534118652344,3.6308248043060303,50.0,80.0,120.17886352539062
2025-08-13 09:08:50,0.7629672884941101,6.302374839782715,67.56258392333984,261.25,4.350780010223389,4.189675807952881,0.26620370149612427,36.153709411621094,44.55180740356445,126.53992462158203,236.00950622558594,1104.9910888671875,1039.7821044921875,1027.296875,1167.2012939453125,1034.892333984375,1075.4056396484375,1205.3035888671875,984.6322021484375,1076.290771484375,76.8009262084961,100.61111450195312,100.06944274902344,0.2844907343387604,70.28240203857422,70.7615737915039,30.689815521240234,20.060184478759766,40.29861068725586,20.287036895751953,278.2870178222656,231.4351806640625,222.91665649414062,76.80555725097656,60.5,70.83101654052734,0.3807870149612427,55.51388931274414,279.3055419921875,228.5648193359375,224.2129669189453,30.289352416992188,19.72222137451172,75.35416412353516,100.1087875366211,100.35879516601562,1049.811767578125,791.3646240234375,229.24075317382812,227.83334350585938,226.22222900390625,3.8671720027923584,3.5579569339752197,3.6366496086120605,50.0,80.0,119.7783203125
2025-08-13 09:08:51,,,,,4.336266040802002,4.192578315734863,0.26620370149612427,,,,235.96237182617188,1104.9910888671875,1039.7821044921875,1027.296875,1167.2012939453125,1034.892333984375,1075.4056396484375,1205.3035888671875,984.6322021484375,1076.290771484375,76.80786895751953,100.61804962158203,100.06944274902344,0.28078702092170715,70.28240203857422,70.7615737915039,30.689815521240234,20.057870864868164,40.29861068725586,20.287036895751953,278.6111145019531,231.75926208496094,222.9629669189453,76.8125,60.49305725097656,70.82870483398438,0.3791666626930237,55.50694274902344,280.3703918457031,228.75,223.61111450195312,30.282407760620117,19.72222137451172,75.34722137451172,100.1087875366211,100.35879516601562,1049.909423828125,791.2726440429688,229.8148193359375,228.40740966796875,226.77777099609375,3.828315496444702,3.531949520111084,3.616870880126953,50.0,80.0,119.828369140625
2025-08-13 09:08:52,0.7629672884941101,6.298956871032715,67.56258392333984,260.97222900390625,4.324655055999756,4.1988677978515625,0.3009259104728699,36.153709411621094,44.55180740356445,126.53992462158203,236.11947631835938,1104.9910888671875,1039.6849365234375,1027.3939208984375,1167.2012939453125,1034.95703125,1075.4056396484375,1205.3035888671875,984.6322021484375,1076.290771484375,76.80786895751953,100.61111450195312,100.06944274902344,0.28865742683410645,70.28240203857422,70.7615737915039,30.682870864868164,20.057870864868164,40.29861068725586,20.287036895751953,274.9537048339844,227.5,217.9629669189453,76.80555725097656,60.49305725097656,70.82870483398438,0.3870370388031006,55.50694274902344,276.89813232421875,223.88888549804688,218.75,30.282407760620117,19.72222137451172,75.34722137451172,100.1087875366211,100.35879516601562,1049.909423828125,790.9970703125,230.8148193359375,229.42593383789062,227.79629516601562,3.7723939418792725,3.5296456813812256,3.614130735397339,50.0,80.0,119.97648620605469
2025-08-13 09:08:53,0.7629672884941101,6.297750473022461,67.52984619140625,261.620361328125,4.326106071472168,4.19451379776001,0.3125,36.153709411621094,44.55180740356445,126.53992462158203,236.3416290283203,1104.9910888671875,1039.6849365234375,1027.49072265625,1167.0997314453125,1034.95703125,1075.4056396484375,1205.3035888671875,984.7277221679688,1076.093994140625,76.80786895751953,100.61804962158203,100.06944274902344,0.29027777910232544,70.28240203857422,70.7615737915039,30.682870864868164,20.060184478759766,40.29861068725586,20.287036895751953,278.70367431640625,230.6018524169922,220.4166717529297,76.80555725097656,60.49305725097656,70.82870483398438,0.3863425850868225,55.51388931274414,280.09259033203125,226.94444274902344,221.9444580078125,30.282407760620117,19.729167938232422,75.34722137451172,100.1087875366211,100.35879516601562,1050.0069580078125,790.9050903320312,232.0,230.629638671875,229.03704833984375,3.680267810821533,3.5316102504730225,3.618053913116455,50.0,80.0,119.72704315185547
2025-08-13 09:08:54,0.7629672884941101,6.297750473022461,67.52984619140625,260.97222900390625,4.324655055999756,4.165002346038818,0.18518517911434174,36.153709411621094,44.55180740356445,126.53992462158203,236.92575073242188,1104.9910888671875,1039.587646484375,1027.49072265625,1167.0997314453125,1034.892333984375,1075.4056396484375,1205.40673828125,984.8233642578125,1076.093994140625,76.8009262084961,100.61111450195312,100.06944274902344,0.3064814805984497,70.28240203857422,70.7615737915039,30.682870864868164,20.060184478759766,40.29861068725586,20.287036895751953,264.3518371582031,215.32408142089844,205.2314910888672,76.80555725097656,60.5,70.83101654052734,0.40416663885116577,55.51388931274414,267.6851806640625,212.63888549804688,208.7036895751953,30.282407760620117,19.72222137451172,75.35416412353516,100.1087875366211,100.35879516601562,1050.2996826171875,790.7213745117188,232.9629669189453,231.59259033203125,230.11111450195312,3.7000045776367188,3.5306265354156494,3.5827395915985107,50.0,80.0,119.41478729248047
2025-08-13 09:08:55,0.7629672884941101,6.257955074310303,67.52984619140625,260.6481628417969,4.324655055999756,4.163550853729248,0.4513888955116272,36.153709411621094,44.55180740356445,126.53992462158203,237.2601776123047,1105.0904541015625,1039.587646484375,1027.49072265625,1167.0997314453125,1034.892333984375,1075.6021728515625,1205.475341796875,984.8233642578125,1076.290771484375,76.80786895751953,100.61111450195312,100.06944274902344,0.3134259283542633,70.28009033203125,70.7615737915039,30.689815521240234,20.060184478759766,40.29861068725586,20.287036895751953,255.1851806640625,205.6481475830078,196.4351806640625,76.80555725097656,60.5,70.82870483398438,0.4106481373310089,55.51388931274414,259.0740661621094,203.1018524169922,198.42591857910156,30.289352416992188,19.729167938232422,75.34722137451172,100.1087875366211,100.35879516601562,1050.3970947265625,790.6295166015625,234.12962341308594,232.8148193359375,231.42593383789062,3.7452313899993896,3.530419111251831,3.592085838317871,50.0,80.0,118.95462799072266
2025-08-13 09:08:56,,,,,,,,,,,,,,,,,,,,,,,,,,,,,,,,,,,,,,,,,,,,,,,,,234.66665649414062,233.3333282470703,231.79629516601562,3.732761859893799,3.5525877475738525,3.591196060180664,50.0,80.0,118.75452423095703
2025-08-13 09:08:57,0.7629672884941101,6.257955074310303,67.24933624267578,261.1111145019531,4.324655055999756,4.163550853729248,0.347222238779068,36.153709411621094,44.55180740356445,126.53992462158203,237.87765502929688,1105.0904541015625,1039.393310546875,1027.3939208984375,1167.0997314453125,1034.6982421875,1075.6021728515625,1205.40673828125,984.8233642578125,1076.290771484375,76.80786895751953,100.61111450195312,100.06944274902344,0.31134259700775146,70.28240203857422,70.7615737915039,30.689815521240234,20.060184478759766,40.29861068725586,20.287036895751953,253.14813232421875,202.82406616210938,194.44444274902344,76.80555725097656,60.5,70.83101654052734,0.4099537134170532,55.50694274902344,255.32406616210938,200.6481475830078,195.23147583007812,30.289352416992188,19.72222137451172,75.34722137451172,100.1087875366211,100.35879516601562,1050.49462890625,790.6295166015625,235.85186767578125,234.48147583007812,233.18519592285156,3.8204126358032227,3.5816540718078613,3.5705723762512207,50.0,80.0,118.28294372558594
2025-08-13 09:08:58,0.7298457622528076,6.269673824310303,65.64289093017578,260.5092468261719,4.322719573974609,4.163550853729248,0.3009259104728699,36.153709411621094,44.55180740356445,126.53992462158203,238.8317413330078,1105.1898193359375,1039.393310546875,1027.3939208984375,1167.0997314453125,1034.60107421875,1075.6021728515625,1205.475341796875,984.7277221679688,1076.38916015625,76.80786895751953,100.61111450195312,100.06944274902344,0.3157407343387604,70.28240203857422,70.7615737915039,30.682870864868164,20.060184478759766,40.29861068725586,20.287036895751953,255.8333282470703,204.3518524169922,195.32408142089844,76.80555725097656,60.49305725097656,70.83795928955078,0.41203704476356506,55.50694274902344,256.2037048339844,201.29629516601562,197.5463104248047,30.289352416992188,19.729167938232422,75.34722137451172,100.1087875366211,100.3657455444336,1050.7872314453125,790.6295166015625,236.94444274902344,235.57408142089844,234.29629516601562,3.7905256748199463,3.5658576488494873,3.5775809288024902,50.0,80.0,117.9737548828125
2025-08-13 09:08:59,0.7298457622528076,6.269673824310303,65.70301055908203,260.5092468261719,4.324655055999756,4.165002346038818,0.3009259104728699,36.153709411621094,44.55180740356445,126.53992462158203,239.3594512939453,1104.9910888671875,1039.587646484375,1027.49072265625,1167.0997314453125,1034.60107421875,1075.6021728515625,1205.57861328125,984.7277221679688,1076.487548828125,76.80786895751953,100.61111450195312,100.06944274902344,0.309027761220932,70.28240203857422,70.7615737915039,30.689815521240234,20.060184478759766,40.29861068725586,20.287036895751953,259.49072265625,208.19444274902344,198.5185089111328,76.80555725097656,60.49305725097656,70.82870483398438,0.4053240716457367,55.51388931274414,259.90740966796875,204.76852416992188,201.25,30.282407760620117,19.729167938232422,75.35416412353516,100.1087875366211,100.36805725097656,1050.8848876953125,790.7213745117188,237.90740966796875,236.62962341308594,235.3148193359375,3.7565417289733887,3.564204454421997,3.6067023277282715,50.0,80.0,118.3410415649414
2025-08-13 09:09:00,0.7298457622528076,6.255528926849365,65.70301055908203,260.0,4.324655055999756,4.143714904785156,0.37037035822868347,36.153709411621094,44.55180740356445,126.53992462158203,240.0796356201172,1104.9910888671875,1039.393310546875,1027.49072265625,1167.0997314453125,1034.60107421875,1075.7005615234375,1205.57861328125,984.7277221679688,1076.487548828125,76.80786895751953,100.61111450195312,100.06944274902344,0.303935170173645,70.28935241699219,70.7615737915039,30.689815521240234,20.060184478759766,40.29861068725586,20.287036895751953,267.5,216.4351806640625,206.5277862548828,76.8125,60.49305725097656,70.83795928955078,0.40416663885116577,55.50694274902344,267.8240966796875,213.19444274902344,209.67591857910156,30.282407760620117,19.729167938232422,75.35416412353516,100.10185241699219,100.35879516601562,1051.080078125,790.9050903320312,239.0370330810547,237.72222900390625,236.44444274902344,3.7106270790100098,3.561627149581909,3.6360607147216797,50.0,80.0,118.61299896240234
2025-08-13 09:09:01,0.7298457622528076,6.255528926849365,65.60614013671875,260.3240661621094,4.322719573974609,4.1393609046936035,0.18518517911434174,36.153709411621094,44.55180740356445,126.53992462158203,240.65582275390625,1104.9910888671875,1039.393310546875,1027.49072265625,1166.8963623046875,1034.5040283203125,1075.7005615234375,1205.7847900390625,984.6322021484375,1076.487548828125,76.8009262084961,100.61804962158203,100.06944274902344,0.2976852059364319,70.28240203857422,70.7615737915039,30.689815521240234,20.060184478759766,40.29166793823242,20.280092239379883,276.0185241699219,226.20370483398438,215.9722137451172,76.80555725097656,60.5,70.82870483398438,0.39791667461395264,55.51388931274414,276.71295166015625,222.7777862548828,219.49073791503906,30.282407760620117,19.729167938232422,75.35416412353516,100.1087875366211,100.35879516601562,1051.177490234375,790.9970703125,,,,,,,,,
2025-08-13 09:09:02,0.7298457622528076,6.272632598876953,65.60614013671875,260.1851806640625,4.324655055999756,4.145166873931885,0.0347222238779068,36.153709411621094,44.55180740356445,126.53992462158203,241.18896484375,1104.891845703125,1039.393310546875,1027.5875244140625,1166.8963623046875,1034.5040283203125,1075.7005615234375,1205.7847900390625,984.6322021484375,1076.487548828125,76.80786895751953,100.61111450195312,100.0625,0.2976852059364319,70.28240203857422,70.7615737915039,30.682870864868164,20.060184478759766,40.29861068725586,20.287036895751953,275.50927734375,226.0648193359375,216.29629516601562,76.8125,60.49305725097656,70.83795928955078,0.39722222089767456,55.51388931274414,276.89813232421875,223.1018524169922,218.98147583007812,30.289352416992188,19.72222137451172,75.34722137451172,100.1087875366211,100.3657455444336,1051.177490234375,790.9970703125,240.20372009277344,238.94442749023438,237.6851806640625,3.6847362518310547,3.5654263496398926,3.632124662399292,50.0,80.0,118.736083984375
2025-08-13 09:09:03,0.7298457622528076,6.272632598876953,65.72330474853516,259.58331298828125,4.350780010223389,4.148553371429443,0.1388888955116272,36.153709411621094,44.55180740356445,126.53992462158203,241.65687561035156,1104.891845703125,1039.393310546875,1027.5875244140625,1166.8963623046875,1034.5040283203125,1075.7005615234375,1205.7847900390625,984.7277221679688,1076.487548828125,76.80786895751953,100.61804962158203,100.07638549804688,0.29999998211860657,70.27314758300781,70.75463104248047,30.689815521240234,20.060184478759766,40.29861068725586,20.287036895751953,274.4907531738281,224.2129669189453,215.27777099609375,76.80555725097656,60.49305725097656,70.82870483398438,0.39791667461395264,55.51388931274414,274.9537048339844,221.5277862548828,218.05555725097656,30.282407760620117,19.72222137451172,75.34722137451172,100.1087875366211,100.35879516601562,1051.34033203125,790.9970703125,241.6851806640625,240.44444274902344,239.25926208496094,3.734890937805176,3.547961950302124,3.624040126800537,50.0,80.0,118.43743896484375
2025-08-13 09:09:04,0.7298457622528076,6.278979778289795,65.72330474853516,260.3240661621094,4.348844528198242,4.145650386810303,0.173611119389534,36.153709411621094,44.55180740356445,126.53992462158203,242.18370056152344,1104.891845703125,1039.393310546875,1027.5875244140625,1166.8963623046875,1034.5040283203125,1075.7005615234375,1205.887939453125,984.7277221679688,1076.5859375,76.8009262084961,100.61111450195312,100.06944274902344,0.2953703701496124,70.28240203857422,70.75463104248047,30.689815521240234,20.060184478759766,40.29166793823242,20.287036895751953,279.7685241699219,228.7963104248047,219.76852416992188,76.80555725097656,60.49305725097656,70.82870483398438,0.3930555582046509,55.51388931274414,278.2870178222656,226.5277862548828,223.05555725097656,30.275463104248047,19.729167938232422,75.34722137451172,100.11573791503906,100.35879516601562,1051.437744140625,791.1807861328125,242.96295166015625,241.74075317382812,240.70370483398438,3.8005008697509766,3.5347514152526855,3.6157515048980713,50.0,80.0,118.23688507080078
2025-08-13 09:09:05,0.7298457622528076,6.278979778289795,65.76690673828125,260.0462951660156,4.349328517913818,4.144198894500732,0.05787036940455437,36.153709411621094,44.55180740356445,126.53992462158203,242.66357421875,1104.59375,1039.393310546875,1027.5875244140625,1166.7947998046875,1034.406982421875,1075.7989501953125,1205.887939453125,984.7277221679688,1076.5859375,76.80786895751953,100.61111450195312,100.06944274902344,0.29050925374031067,70.27314758300781,70.7615737915039,30.689815521240234,20.060184478759766,40.29166793823242,20.287036895751953,288.28704833984375,238.00926208496094,228.42591857910156,76.80555725097656,60.49305725097656,70.82870483398438,0.3861111104488373,55.50694274902344,286.85186767578125,235.74073791503906,231.6666717529297,30.282407760620117,19.729167938232422,75.35416412353516,100.1087875366211,100.35879516601562,1051.535400390625,791.2726440429688,243.9444580078125,242.74075317382812,241.6481475830078,3.7674710750579834,3.5483648777008057,3.5890822410583496,50.0,80.0,117.87994384765625
2025-08-13 09:09:06,0.7298457622528076,6.250157356262207,65.76690673828125,260.1851806640625,4.350780010223389,4.148553371429443,0.0694444477558136,36.153709411621094,44.55180740356445,126.53992462158203,243.35504150390625,1104.4945068359375,1039.393310546875,1027.5875244140625,1166.8963623046875,1034.406982421875,1075.7989501953125,1205.887939453125,984.7277221679688,1076.5859375,76.80786895751953,100.61111450195312,100.06944274902344,0.27847224473953247,70.28240203857422,70.7615737915039,30.689815521240234,20.060184478759766,40.29861068725586,20.287036895751953,292.6388854980469,244.30555725097656,234.02777099609375,76.8125,60.49305725097656,70.82870483398438,0.37824076414108276,55.51388931274414,293.5648193359375,241.11111450195312,237.0833282470703,30.289352416992188,19.729167938232422,75.34722137451172,100.1087875366211,100.35879516601562,1051.6329345703125,791.6401977539062,245.0370330810547,243.79629516601562,242.8333282470703,3.783573627471924,3.545379400253296,3.5811591148376465,50.0,80.0,117.64326477050781
2025-08-13 09:09:07,0.7298457622528076,6.250157356262207,65.56942749023438,259.8611145019531,4.348844528198242,4.147101402282715,0.1388888955116272,36.153709411621094,44.55180740356445,126.53992462158203,243.98951721191406,1104.3951416015625,1039.587646484375,1027.5875244140625,1166.8963623046875,1034.406982421875,1075.7989501953125,1205.887939453125,984.8233642578125,1076.5859375,76.80786895751953,100.61111450195312,100.07638549804688,0.28125,70.28240203857422,70.7615737915039,30.689815521240234,20.060184478759766,40.29861068725586,20.287036895751953,291.8055725097656,243.88888549804688,233.98147583007812,76.80555725097656,60.49305725097656,70.82870483398438,0.38217592239379883,55.51388931274414,293.0555725097656,240.8333282470703,237.3148193359375,30.296295166015625,19.72222137451172,75.34722137451172,100.1087875366211,100.35879516601562,1051.8282470703125,791.732177734375,245.57406616210938,244.29629516601562,243.40740966796875,3.7973899841308594,3.5691299438476562,3.5626089572906494,50.0,80.0,117.54391479492188
2025-08-13 09:09:08,0.7298457622528076,6.250157356262207,65.56942749023438,259.72222900390625,4.350780010223389,4.146617889404297,0.0347222238779068,36.153709411621094,44.55180740356445,126.53992462158203,244.298095703125,1104.2957763671875,1039.587646484375,1027.5875244140625,1166.8963623046875,1034.406982421875,1075.7989501953125,1205.887939453125,984.8233642578125,1076.5859375,76.80786895751953,100.61111450195312,100.07638549804688,0.27847224473953247,70.28240203857422,70.7615737915039,30.689815521240234,20.067129135131836,40.29861068725586,20.287036895751953,296.5740966796875,247.5,238.05555725097656,76.81481170654297,60.49305725097656,70.82870483398438,0.3775462806224823,55.50694274902344,295.879638671875,244.30555725097656,240.370361328125,30.289352416992188,19.72222137451172,75.34722137451172,100.1087875366211,100.35879516601562,1051.8282470703125,791.8240356445312,246.6666717529297,245.38888549804688,244.4629669189453,3.7237815856933594,3.593860149383545,3.57888126373291,50.0,80.0,117.44447326660156
2025-08-13 09:09:09,0.7298457622528076,6.277012825012207,65.56942749023438,259.8611145019531,4.350780010223389,4.141780376434326,-0.046296294778585434,36.153709411621094,44.55180740356445,126.53992462158203,244.92922973632812,1104.09716796875,1039.587646484375,1027.5875244140625,1166.8963623046875,1034.406982421875,1075.8973388671875,1205.990966796875,984.7277221679688,1076.5859375,76.80786895751953,100.61804962158203,100.06944274902344,0.27384257316589355,70.28240203857422,70.7615737915039,30.689815521240234,20.060184478759766,40.29166793823242,20.280092239379883,304.16668701171875,254.44444274902344,246.11111450195312,76.80555725097656,60.49305725097656,70.82870483398438,0.3722222149372101,55.51388931274414,301.620361328125,252.68519592285156,249.12037658691406,30.282407760620117,19.72222137451172,75.34722137451172,100.1087875366211,100.3657455444336,1051.9256591796875,791.9159545898438,247.74075317382812,246.4629669189453,245.59259033203125,3.7028019428253174,3.595357656478882,3.570749044418335,50.0,80.0,117.15426635742188
2025-08-13 09:09:10,0.7298457622528076,6.277012825012207,65.75338745117188,260.1851806640625,4.350780010223389,4.140328407287598,0.18518517911434174,36.153709411621094,44.55180740356445,126.53992462158203,245.5498809814453,1104.09716796875,1039.6849365234375,1027.5875244140625,1166.8963623046875,1034.3099365234375,1075.8973388671875,1205.990966796875,984.7277221679688,1076.5859375,76.80786895751953,100.61111450195312,100.06944274902344,0.26435184478759766,70.28240203857422,70.7615737915039,30.689815521240234,20.060184478759766,40.29861068725586,20.287036895751953,309.72222900390625,261.7129821777344,253.3333282470703,76.80555725097656,60.5,70.82870483398438,0.36666664481163025,55.50694274902344,309.0278015136719,259.90740966796875,256.0185241699219,30.282407760620117,19.72222137451172,75.34722137451172,100.1087875366211,100.35879516601562,1052.0233154296875,792.191650390625,248.8333282470703,247.61111450195312,246.72222900390625,3.705641508102417,3.5967137813568115,3.6150083541870117,50.0,80.0,117.0447998046875
2025-08-13 09:09:11,0.7298457622528076,6.262105941772461,65.75338745117188,260.4629821777344,4.374969959259033,4.145166873931885,0.21990740299224854,36.153709411621094,44.55180740356445,126.53992462158203,246.1477508544922,1103.9979248046875,1039.587646484375,1027.5875244140625,1167.0997314453125,1034.11572265625,1075.99560546875,1206.0941162109375,984.7277221679688,1076.487548828125,76.80786895751953,100.61111450195312,100.07638549804688,0.26597222685813904,70.28240203857422,70.75463104248047,30.689815521240234,20.060184478759766,40.29861068725586,20.287036895751953,310.3240661621094,263.6111145019531,254.9073944091797,76.80555725097656,60.49305725097656,70.82870483398438,0.36597222089767456,55.51388931274414,312.2685241699219,261.2037048339844,257.03704833984375,30.282407760620117,19.72222137451172,75.35416412353516,100.11573791503906,100.35879516601562,1052.1209716796875,792.3447265625,249.94444274902344,248.74073791503906,247.9073944091797,3.732565402984619,3.602949380874634,3.6481144428253174,50.0,80.0,117.79129028320312
2025-08-13 09:09:12,0.7298457622528076,6.262105941772461,65.6511459350586,260.1851806640625,4.375453472137451,4.148553371429443,0.1388888955116272,36.153709411621094,44.55180740356445,126.53992462158203,246.61279296875,1103.9979248046875,1039.587646484375,1027.49072265625,1167.0997314453125,1034.018798828125,1075.99560546875,1206.0941162109375,984.7277221679688,1076.487548828125,76.80786895751953,100.61111450195312,100.06944274902344,0.27129629254341125,70.28240203857422,70.75463104248047,30.689815521240234,20.060184478759766,40.29166793823242,20.287036895751953,301.2962951660156,254.629638671875,244.7685089111328,76.80555725097656,60.49305725097656,70.82870483398438,0.37361112236976624,55.50694274902344,304.5370178222656,251.48147583007812,247.2685089111328,30.289352416992188,19.729167938232422,75.34722137451172,100.1087875366211,100.35879516601562,1052.218505859375,792.4367065429688,251.0,249.8518524169922,249.0370330810547,3.7508671283721924,3.5464394092559814,3.655097246170044,50.0,80.0,118.86759948730469
2025-08-13 09:09:13,,,,,,,,,,,,,,,,,,,,,,,,,,,,,,,,,,,,,,,,,,,,,,,,,251.50001525878906,250.370361328125,249.55555725097656,3.7444138526916504,3.5394833087921143,3.6530587673187256,50.0,80.0,119.24801635742188
2025-08-13 09:09:14,0.7298457622528076,6.262105941772461,65.6511459350586,260.78704833984375,4.375453472137451,4.140812397003174,0.1388888955116272,36.153709411621094,44.55180740356445,126.53992462158203,247.33291625976562,1103.9979248046875,1039.393310546875,1027.3939208984375,1166.8963623046875,1034.018798828125,1075.99560546875,1206.0941162109375,984.9190063476562,1076.487548828125,76.80786895751953,100.61111450195312,100.06944274902344,0.27800923585891724,70.28240203857422,70.7615737915039,30.689815521240234,20.060184478759766,40.29861068725586,20.287036895751953,300.97222900390625,253.4722137451172,242.96295166015625,76.80555725097656,60.49305725097656,70.82870483398438,0.37824076414108276,55.50694274902344,301.8518371582031,250.09259033203125,246.62037658691406,30.282407760620117,19.729167938232422,75.35416412353516,100.1087875366211,100.35879516601562,1052.511474609375,792.4367065429688,252.64813232421875,251.5370330810547,250.79629516601562,3.739449977874756,3.5283901691436768,3.606729030609131,50.0,80.0,119.47547912597656
2025-08-13 09:09:15,0.7298457622528076,6.259161472320557,65.6511459350586,260.97222900390625,4.375453472137451,4.142263889312744,0.26620370149612427,36.153709411621094,44.55180740356445,126.53992462158203,248.32254028320312,1103.9979248046875,1039.393310546875,1027.3939208984375,1166.6932373046875,1034.018798828125,1075.8973388671875,1205.887939453125,985.2061157226562,1076.5859375,76.80786895751953,100.61111450195312,100.06944274902344,0.2803240716457367,70.28240203857422,70.7615737915039,30.682870864868164,20.050926208496094,40.29861068725586,20.287036895751953,292.3148193359375,245.0,235.0,76.80555725097656,60.49305725097656,70.82870483398438,0.3844907581806183,55.50694274902344,295.1388854980469,242.54629516601562,238.47222900390625,30.289352416992188,19.72222137451172,75.34722137451172,100.1087875366211,100.35879516601562,1052.609130859375,792.3447265625,253.75926208496094,252.61111450195312,251.98147583007812,3.7478089332580566,3.5545949935913086,3.5764963626861572,50.0,80.0,119.51251220703125
2025-08-13 09:09:16,0.7298457622528076,6.259161472320557,65.63098907470703,260.1851806640625,4.375453472137451,4.145166873931885,0.15046295523643494,36.153709411621094,44.55180740356445,126.53992462158203,248.96043395996094,1104.2957763671875,1039.393310546875,1027.3939208984375,1166.5916748046875,1033.9217529296875,1075.99560546875,1205.887939453125,985.3017578125,1076.6514892578125,76.80786895751953,100.61111450195312,100.06944274902344,0.2854166626930237,70.28240203857422,70.7615737915039,30.689815521240234,20.060184478759766,40.29861068725586,20.287036895751953,282.59259033203125,235.4629669189453,225.6481475830078,76.80555725097656,60.5,70.82870483398438,0.38749998807907104,55.50694274902344,285.1851806640625,232.6851806640625,228.19444274902344,30.289352416992188,19.729167938232422,75.34722137451172,100.1087875366211,100.35879516601562,1052.70654296875,792.191650390625,254.8148193359375,253.74073791503906,253.0555419921875,3.770409107208252,3.527714252471924,3.5942718982696533,50.0,80.0,119.36347961425781
2025-08-13 09:09:17,0.7298457622528076,6.259161472320557,65.63098907470703,260.1851806640625,4.375453472137451,4.148553371429443,0.1041666716337204,36.153709411621094,44.55180740356445,126.53992462158203,249.60482788085938,1104.2957763671875,1039.2960205078125,1027.3939208984375,1166.5916748046875,1033.9217529296875,1076.1923828125,1205.887939453125,985.4930419921875,1076.6514892578125,76.81481170654297,100.61111450195312,100.06944274902344,0.28865742683410645,70.28240203857422,70.7615737915039,30.682870864868164,20.067129135131836,40.29861068725586,20.287036895751953,275.27777099609375,227.54629516601562,216.8518524169922,76.8125,60.49305725097656,70.82870483398438,0.3946759104728699,55.50694274902344,277.3611145019531,223.61111450195312,219.49073791503906,30.282407760620117,19.729167938232422,75.34722137451172,100.1087875366211,100.35879516601562,1053.09716796875,792.0078125,255.79629516601562,254.70370483398438,254.12962341308594,3.7584712505340576,3.536548376083374,3.5725467205047607,50.0,80.0,119.05616760253906
2025-08-13 09:09:18,0.7298457622528076,6.259161472320557,65.63098907470703,260.3240661621094,4.375453472137451,4.144198894500732,0.11574073880910873,36.153709411621094,44.55180740356445,126.53992462158203,250.52330017089844,1104.3951416015625,1039.2960205078125,1027.3939208984375,1166.4901123046875,1033.9217529296875,1076.290771484375,1205.887939453125,985.5886840820312,1076.6514892578125,76.80786895751953,100.60185241699219,100.06944274902344,0.2953703701496124,70.28240203857422,70.7615737915039,30.689815521240234,20.060184478759766,40.300926208496094,20.287036895751953,273.9814758300781,225.41665649414062,214.07408142089844,76.80555725097656,60.5,70.82870483398438,0.4009259045124054,55.51388931274414,276.0648193359375,221.25,217.17593383789062,30.275463104248047,19.729167938232422,75.34722137451172,100.1087875366211,100.35879516601562,1053.19482421875,791.8240356445312,256.51849365234375,255.4444580078125,254.870361328125,3.74521803855896,3.5435268878936768,3.6053342819213867,50.0,80.0,118.91395568847656
2025-08-13 09:09:19,0.7298457622528076,6.267261028289795,65.63098907470703,260.78704833984375,4.399643421173096,4.1388773918151855,0.25462961196899414,36.153709411621094,44.55180740356445,126.53992462158203,250.94537353515625,1104.2957763671875,1039.2960205078125,1027.3939208984375,1166.4901123046875,1033.8245849609375,1076.290771484375,1205.887939453125,985.780029296875,1076.5859375,76.80786895751953,100.61111450195312,100.06944274902344,0.2932870388031006,70.28240203857422,70.7615737915039,30.689815521240234,20.060184478759766,40.29861068725586,20.287036895751953,272.5462951660156,224.49075317382812,213.19444274902344,76.8125,60.5,70.82870483398438,0.39722222089767456,55.51388931274414,275.50927734375,220.4629669189453,216.25,30.282407760620117,19.729167938232422,75.35416412353516,100.1087875366211,100.35879516601562,1053.29248046875,791.8240356445312,257.5185241699219,256.4444580078125,255.870361328125,3.7002925872802734,3.6010994911193848,3.6061465740203857,50.0,80.0,118.75871276855469
2025-08-13 09:09:20,0.7298457622528076,6.264604568481445,65.68646240234375,260.97222900390625,4.401578426361084,4.141780376434326,0.15046295523643494,36.153709411621094,44.55180740356445,126.53992462158203,251.6456756591797,1104.59375,1039.2960205078125,1027.3939208984375,1166.4901123046875,1033.8245849609375,1076.290771484375,1205.887939453125,985.780029296875,1076.5859375,76.80786895751953,100.61111450195312,100.06944274902344,0.2932870388031006,70.28240203857422,70.76851654052734,30.689815521240234,20.060184478759766,40.29861068725586,20.287036895751953,275.8333435058594,226.38888549804688,216.57406616210938,76.80555725097656,60.49305725097656,70.82870483398438,0.39189815521240234,55.51388931274414,277.1759338378906,223.24075317382812,219.67593383789062,30.289352416992188,19.72222137451172,75.34722137451172,100.1087875366211,100.3657455444336,1053.5853271484375,791.8240356445312,258.6481628417969,257.5370178222656,257.0,3.6779839992523193,3.590763568878174,3.590907335281372,50.0,80.0,118.69132995605469
2025-08-13 09:09:21,0.7298457622528076,6.264604568481445,65.66825866699219,261.1111145019531,4.400127410888672,4.140812397003174,0.1388888955116272,36.153709411621094,44.55180740356445,126.53992462158203,252.5323944091797,1104.891845703125,1039.2960205078125,1027.3939208984375,1166.4901123046875,1033.8245849609375,1076.290771484375,1205.887939453125,985.5886840820312,1076.6514892578125,76.80786895751953,100.61111450195312,100.06944274902344,0.2840277850627899,70.28240203857422,70.7615737915039,30.682870864868164,20.060184478759766,40.29861068725586,20.287036895751953,281.0648193359375,230.69444274902344,221.38888549804688,76.80555725097656,60.5,70.82870483398438,0.3870370388031006,55.50694274902344,280.4166564941406,227.9166717529297,224.0277862548828,30.289352416992188,19.72222137451172,75.35416412353516,100.1087875366211,100.35879516601562,1053.6829833984375,791.8240356445312,259.6666564941406,258.6111145019531,258.1851806640625,3.746690034866333,3.5347681045532227,3.5696465969085693,50.0,80.0,118.37020874023438
2025-08-13 09:09:22,0.7298457622528076,6.264604568481445,65.66825866699219,261.25,4.401578426361084,4.137425899505615,0.05787036940455437,36.153709411621094,44.55180740356445,126.53992462158203,253.18548583984375,1104.891845703125,1039.1988525390625,1027.296875,1166.4901123046875,1033.8245849609375,1076.290771484375,1205.887939453125,985.5886840820312,1076.6514892578125,76.80786895751953,100.61111450195312,100.06944274902344,0.27800923585891724,70.28240203857422,70.7615737915039,30.689815521240234,20.067129135131836,40.29861068725586,20.280092239379883,292.3148193359375,242.26852416992188,232.77777099609375,76.8125,60.49305725097656,70.82870483398438,0.3784722089767456,55.50694274902344,290.0462951660156,238.88888549804688,236.0648193359375,30.289352416992188,19.729167938232422,75.34722137451172,100.1087875366211,100.3657455444336,1053.845703125,791.8240356445312,260.6851806640625,259.6481628417969,259.2037048339844,3.7254230976104736,3.552236557006836,3.633425712585449,50.0,80.0,117.97406005859375
2025-08-13 09:09:23,0.7448582649230957,6.289205074310303,64.55799865722656,261.7129821777344,4.400127410888672,4.142263889312744,0.09259258955717087,36.153709411621094,44.55180740356445,126.53992462158203,253.94900512695312,1105.0904541015625,1039.1988525390625,1027.296875,1166.4901123046875,1033.7275390625,1076.290771484375,1205.990966796875,985.4930419921875,1076.8482666015625,76.80786895751953,100.61111450195312,100.06944274902344,0.26782405376434326,70.28240203857422,70.7615737915039,30.689815521240234,20.067129135131836,40.29861068725586,20.287036895751953,296.4814758300781,248.2870330810547,238.1944580078125,76.80555725097656,60.49305725097656,70.82870483398438,0.37037038803100586,55.50694274902344,296.7592468261719,244.90740966796875,241.8518524169922,30.282407760620117,19.72222137451172,75.34722137451172,100.1087875366211,100.36805725097656,1054.138671875,791.732177734375,261.96295166015625,260.9814758300781,260.5740661621094,3.699934720993042,3.551575183868408,3.6475512981414795,50.0,80.0,117.65983581542969
2025-08-13 09:09:24,0.7448582649230957,6.281867027282715,64.4745864868164,261.7592468261719,4.401578426361084,4.137425899505615,0.0694444477558136,36.153709411621094,44.55180740356445,126.53992462158203,254.27415466308594,1105.0904541015625,1039.1015625,1027.296875,1166.4901123046875,1033.7275390625,1076.290771484375,1205.990966796875,985.4930419921875,1076.8482666015625,76.80786895751953,100.61111450195312,100.06944274902344,0.26782405376434326,70.28240203857422,70.7615737915039,30.682870864868164,20.067129135131836,40.29861068725586,20.287036895751953,296.8518371582031,249.629638671875,238.9814910888672,76.80555725097656,60.49305725097656,70.82870483398438,0.3689814805984497,55.51388931274414,297.5,245.69444274902344,243.1481475830078,30.289352416992188,19.729167938232422,75.34722137451172,100.11573791503906,100.36805725097656,1054.2364501953125,791.6401977539062,262.4629821777344,261.4814758300781,261.0185241699219,3.6884424686431885,3.5614781379699707,3.6411025524139404,50.0,80.0,117.63868713378906
2025-08-13 09:09:25,0.7448582649230957,6.281867027282715,64.42530059814453,261.5740661621094,4.426252365112305,4.144198894500732,0.173611119389534,36.153709411621094,44.55180740356445,126.53992462158203,255.0257110595703,1105.0904541015625,1039.1015625,1027.3939208984375,1166.2869873046875,1033.7275390625,1076.38916015625,1205.990966796875,985.4930419921875,1076.94677734375,76.8009262084961,100.61111450195312,100.06944274902344,0.26157405972480774,70.28240203857422,70.7615737915039,30.682870864868164,20.060184478759766,40.29861068725586,20.287036895751953,298.75,253.14813232421875,241.99073791503906,76.8125,60.5,70.82870483398438,0.3664351999759674,55.50694274902344,299.76849365234375,248.65740966796875,245.7870330810547,30.289352416992188,19.729167938232422,75.34722137451172,100.1087875366211,100.3657455444336,1054.3341064453125,791.3646240234375,263.5370178222656,262.5555419921875,262.2037048339844,3.719543933868408,3.5525565147399902,3.593627452850342,50.0,80.0,117.76263427734375
2025-08-13 09:09:26,0.7448582649230957,6.289435386657715,64.42530059814453,261.7129821777344,4.426252365112305,4.145650386810303,0.28935185074806213,36.153709411621094,44.55180740356445,126.53992462158203,255.7723846435547,1105.0904541015625,1039.1015625,1027.3939208984375,1166.2869873046875,1033.5335693359375,1076.38916015625,1205.990966796875,985.5886840820312,1076.94677734375,76.80786895751953,100.61111450195312,100.06944274902344,0.2576389014720917,70.28240203857422,70.7615737915039,30.682870864868164,20.060184478759766,40.29166793823242,20.287036895751953,300.2314758300781,254.7222137451172,244.49073791503906,76.80555725097656,60.49305725097656,70.82870483398438,0.3627314865589142,55.51388931274414,301.52777099609375,250.6018524169922,247.40740966796875,30.289352416992188,19.72222137451172,75.34722137451172,100.1087875366211,100.3657455444336,1054.4317626953125,791.2726440429688,264.6111145019531,263.6481628417969,263.3333435058594,3.7932631969451904,3.534696340560913,3.5919320583343506,50.0,80.0,117.96600341796875
2025-08-13 09:09:27,0.7448582649230957,6.289435386657715,64.47614288330078,262.03704833984375,4.443668842315674,4.173226833343506,0.0694444477558136,36.153709411621094,44.55180740356445,126.53992462158203,256.54656982421875,1105.0904541015625,1039.1015625,1027.49072265625,1166.2869873046875,1033.5335693359375,1076.38916015625,1205.990966796875,985.5886840820312,1077.045166015625,76.80786895751953,100.61111450195312,100.06944274902344,0.25995370745658875,70.28240203857422,70.7615737915039,30.682870864868164,20.060184478759766,40.29166793823242,20.287036895751953,300.50927734375,253.98147583007812,244.7222137451172,76.80786895751953,60.49305725097656,70.82870483398438,0.3627314865589142,55.50694274902344,300.3240966796875,250.6944580078125,247.6851806640625,30.282407760620117,19.72222137451172,75.34722137451172,100.1087875366211,100.35879516601562,1054.4317626953125,790.9970703125,265.6851806640625,264.77777099609375,264.4629821777344,3.7302029132843018,3.534625291824341,3.614567518234253,50.0,80.0,118.22703552246094
2025-08-13 09:09:28,0.7448582649230957,6.289435386657715,64.47614288330078,262.08331298828125,4.4523773193359375,4.1717753410339355,0.25462961196899414,36.153709411621094,44.55180740356445,126.53992462158203,257.22406005859375,1104.9910888671875,1039.1988525390625,1027.5875244140625,1166.1854248046875,1033.5335693359375,1076.38916015625,1205.887939453125,985.780029296875,1077.045166015625,76.80786895751953,100.61111450195312,100.06944274902344,0.26157405972480774,70.28240203857422,70.75463104248047,30.689815521240234,20.060184478759766,40.29861068725586,20.287036895751953,291.1111145019531,244.3981475830078,235.370361328125,76.80555725097656,60.5,70.82870483398438,0.3687499761581421,55.51388931274414,292.6388854980469,241.15740966796875,237.36111450195312,30.282407760620117,19.72222137451172,75.34722137451172,100.11573791503906,100.35879516601562,1054.5294189453125,790.813232421875,266.90740966796875,265.96295166015625,265.72222900390625,3.7158610820770264,3.5637290477752686,3.612720012664795,50.0,80.0,119.00410461425781
2025-08-13 09:09:29,,,,,,,,,,,,,,,,,,,,,,,,,,,,,,,,,,,,,,,,,,,,75.35416412353516,100.11573791503906,100.35879516601562,1054.724853515625,790.813232421875,267.3518371582031,266.3518371582031,266.1666564941406,3.7412235736846924,3.594510078430176,3.5956342220306396,50.0,80.0,119.15509033203125
2025-08-13 09:09:30,0.7448582649230957,6.296098709106445,64.52096557617188,262.03704833984375,4.4523773193359375,4.173226833343506,0.347222238779068,36.153709411621094,44.55180740356445,126.53992462158203,257.9622802734375,1104.9910888671875,1039.1015625,1027.5875244140625,1166.1854248046875,1033.5335693359375,1076.38916015625,1205.887939453125,985.780029296875,1077.1435546875,76.80786895751953,100.61111450195312,100.06944274902344,0.2689814865589142,70.28240203857422,70.7615737915039,30.682870864868164,20.067129135131836,40.29861068725586,20.287036895751953,284.629638671875,239.0277862548828,228.5185089111328,76.80555725097656,60.49305725097656,70.82870483398438,0.3689814805984497,55.51388931274414,286.89813232421875,235.32406616210938,230.7870330810547,30.282407760620117,19.729167938232422,75.34722137451172,100.1087875366211,100.35879516601562,1054.822509765625,790.6295166015625,268.4259033203125,267.4814758300781,267.22222900390625,3.7297518253326416,3.5939393043518066,3.607135057449341,50.0,80.0,119.06526184082031
2025-08-13 09:09:31,0.7448582649230957,6.2858734130859375,64.52096557617188,262.03704833984375,4.476566791534424,4.17274284362793,0.42824074625968933,36.153709411621094,44.55180740356445,126.53992462158203,258.8535461425781,1104.9910888671875,1039.1015625,1027.5875244140625,1166.083740234375,1033.5335693359375,1076.38916015625,1205.990966796875,985.780029296875,1077.1435546875,76.80786895751953,100.61111450195312,100.06944274902344,0.27222222089767456,70.28240203857422,70.75463104248047,30.689815521240234,20.060184478759766,40.29861068725586,20.287036895751953,282.6388854980469,236.11109924316406,224.76852416992188,76.80555725097656,60.5,70.82870483398438,0.37291669845581055,55.51388931274414,284.1203918457031,231.25,227.54629516601562,30.289352416992188,19.729167938232422,75.34722137451172,100.11573791503906,100.35879516601562,1054.822509765625,790.6295166015625,269.370361328125,268.4259033203125,268.2962951660156,3.7246389389038086,3.557640552520752,3.5732407569885254,50.0,80.0,118.75727844238281
2025-08-13 09:09:32,0.7448582649230957,6.2858734130859375,64.45220184326172,261.5740661621094,4.47850227355957,4.165002346038818,0.3819444477558136,36.153709411621094,44.55180740356445,126.53992462158203,259.623046875,1104.891845703125,1039.1015625,1027.5875244140625,1166.083740234375,1033.5335693359375,1076.38916015625,1205.990966796875,985.780029296875,1077.241943359375,76.80786895751953,100.61111450195312,100.06944274902344,0.27384257316589355,70.28240203857422,70.7615737915039,30.689815521240234,20.060184478759766,40.29861068725586,20.287036895751953,284.9537048339844,237.5,226.8981475830078,76.80786895751953,60.49305725097656,70.82870483398438,0.3722222149372101,55.50694274902344,284.4444580078125,233.1481475830078,230.0,30.289352416992188,19.729167938232422,75.34722137451172,100.1087875366211,100.35879516601562,1054.920166015625,790.44580078125,270.5740661621094,269.64813232421875,269.53704833984375,3.709496259689331,3.5405476093292236,3.6155712604522705,50.0,80.0,118.4033203125
2025-08-13 09:09:33,0.7448582649230957,6.295553207397461,64.45220184326172,261.620361328125,4.47705078125,4.167905330657959,0.23148147761821747,36.153709411621094,44.55180740356445,126.53992462158203,260.1604309082031,1104.891845703125,1039.1015625,1027.5875244140625,1166.083740234375,1033.5335693359375,1076.487548828125,1205.990966796875,985.780029296875,1077.241943359375,76.8009262084961,100.61111450195312,100.06944274902344,0.27847224473953247,70.27314758300781,70.7615737915039,30.689815521240234,20.060184478759766,40.29166793823242,20.287036895751953,280.3240661621094,232.87037658691406,221.80555725097656,76.80555725097656,60.49305725097656,70.82870483398438,0.3768518567085266,55.51388931274414,281.5740661621094,229.07408142089844,224.90740966796875,30.282407760620117,19.72222137451172,75.34722137451172,100.1087875366211,100.3657455444336,1055.0179443359375,790.3538818359375,271.6296081542969,270.77777099609375,270.7407531738281,3.733260154724121,3.5551645755767822,3.65029239654541,50.0,80.0,118.17637634277344
2025-08-13 09:09:34,0.7448582649230957,6.295553207397461,64.51729583740234,261.25,4.47850227355957,4.190159797668457,0.3009259104728699,36.153709411621094,44.55180740356445,126.53992462158203,260.79034423828125,1104.693115234375,1039.1015625,1027.78125,1166.083740234375,1033.4365234375,1076.487548828125,1206.0941162109375,985.780029296875,1077.438720703125,76.80786895751953,100.61804962158203,100.0625,0.27291667461395264,70.28240203857422,70.7615737915039,30.689815521240234,20.060184478759766,40.29861068725586,20.287036895751953,285.4166564941406,237.54629516601562,227.87037658691406,76.80555725097656,60.49305725097656,70.82870483398438,0.3743055462837219,55.51388931274414,284.8611145019531,234.49073791503906,230.04629516601562,30.282407760620117,19.72222137451172,75.34722137451172,100.11573791503906,100.35879516601562,1055.1156005859375,790.3538818359375,272.7407531738281,271.870361328125,271.7962951660156,3.729299545288086,3.566791296005249,3.625676155090332,50.0,80.0,118.22683715820312
2025-08-13 09:09:35,0.7448582649230957,6.295553207397461,64.51729583740234,260.97222900390625,4.47850227355957,4.194030284881592,0.347222238779068,36.153709411621094,44.55180740356445,126.53992462158203,261.17706298828125,1104.693115234375,1039.1015625,1027.5875244140625,1166.083740234375,1033.4365234375,1076.487548828125,1206.0941162109375,985.780029296875,1077.438720703125,76.8009262084961,100.61111450195312,100.06944274902344,0.2775462865829468,70.28009033203125,70.7615737915039,30.689815521240234,20.060184478759766,40.29166793823242,20.287036895751953,285.27777099609375,237.7777862548828,228.61111450195312,76.80555725097656,60.5,70.82870483398438,0.37453705072402954,55.51388931274414,286.15740966796875,234.86109924316406,230.50926208496094,30.289352416992188,19.72222137451172,75.35416412353516,100.1087875366211,100.35879516601562,1055.1156005859375,790.3538818359375,273.35186767578125,272.5,272.4814758300781,3.7364861965179443,3.5783090591430664,3.6050751209259033,50.0,80.0,118.49331665039062
2025-08-13 09:09:36,0.7448582649230957,6.295553207397461,64.51729583740234,260.1851806640625,4.503175735473633,4.1988677978515625,0.1041666716337204,36.153709411621094,44.55180740356445,126.53992462158203,261.6692199707031,1104.59375,1039.1015625,1027.78125,1166.083740234375,1033.3394775390625,1076.5859375,1206.0941162109375,985.780029296875,1077.438720703125,76.80786895751953,100.61111450195312,100.06944274902344,0.27453702688217163,70.28240203857422,70.7615737915039,30.689815521240234,20.060184478759766,40.29861068725586,20.287036895751953,286.0185241699219,238.9814910888672,229.86111450195312,76.80555725097656,60.5,70.82870483398438,0.3759259283542633,55.51388931274414,287.638916015625,235.64816284179688,231.48147583007812,30.296295166015625,19.72222137451172,75.34722137451172,100.1087875366211,100.35879516601562,1055.31103515625,790.3538818359375,274.40740966796875,273.59259033203125,273.5555725097656,3.6810734272003174,3.544611930847168,3.5951199531555176,50.0,80.0,118.79534912109375
2025-08-13 09:09:37,0.7448582649230957,6.295553207397461,64.51729583740234,260.4629821777344,4.503175735473633,4.189675807952881,0.1388888955116272,36.153709411621094,44.55180740356445,126.53992462158203,262.4032287597656,1104.59375,1039.1015625,1027.78125,1166.083740234375,1033.3394775390625,1076.5859375,1206.0941162109375,985.780029296875,1077.438720703125,76.80786895751953,100.61804962158203,100.06944274902344,0.27847224473953247,70.28240203857422,70.7615737915039,30.689815521240234,20.067129135131836,40.29861068725586,20.287036895751953,280.9259338378906,234.120361328125,223.88888549804688,76.80555725097656,60.49305725097656,70.82870483398438,0.38148149847984314,55.50694274902344,282.2221984863281,230.0,225.32408142089844,30.289352416992188,19.729167938232422,75.34722137451172,100.11573791503906,100.35879516601562,1055.4085693359375,790.3538818359375,275.40740966796875,274.53704833984375,274.629638671875,3.76230525970459,3.566041946411133,3.567087411880493,50.0,80.0,118.89897155761719
